mode	name	bench_hs	t01	t02	t03	t04	t05	t06	t07	t08	t09	t10	t11	types_pass	types_total	mixed_hs	mixed_recovered	jit_ms
90001	90001 / monolithic-comp	201800	PASS	PASS	PASS	PASS	PASS	PASS	PASS	PASS	PASS	PASS	PASS	11	11	116	155/155	8000
90002	90002 / 4-family-aux	197600	PASS	PASS	PASS	PASS	PASS	PASS	PASS	PASS	PASS	PASS	PASS	11	11	114	155/155	7000
90003	90003 / PBKDF2-GPU+CPU-validate	169900	PASS	PASS	PASS	PASS	PASS	PASS	PASS	PASS	PASS	PASS	PASS	11	11	146	155/155	8000
90004	90004 / 2-aux-by-surface	198900	PASS	PASS	PASS	PASS	PASS	PASS	PASS	PASS	PASS	PASS	PASS	11	11	103	155/155	8000
90005	90005 / 11-per-type-aux	198600	PASS	PASS	PASS	PASS	PASS	PASS	PASS	PASS	PASS	PASS	PASS	11	11	101	155/155	8000
90006	90006 / 1-aux-switch	199900	PASS	PASS	PASS	PASS	PASS	PASS	PASS	PASS	PASS	PASS	PASS	11	11	117	155/155	8000
90007	90007 / GPU1-7+CPU8-11	171200	PASS	PASS	PASS	PASS	PASS	PASS	PASS	PASS	PASS	PASS	PASS	11	11	142	155/155	8000
90008	90008 / 2-aux-32v64	204200	PASS	PASS	PASS	PASS	PASS	PASS	PASS	PASS	PASS	PASS	PASS	11	11	103	155/155	9000
90009	90009 / 3-aux-tier	194400	PASS	PASS	PASS	PASS	PASS	PASS	PASS	PASS	PASS	PASS	PASS	11	11	117	155/155	7000
90010	90010 / branchless-superset	201800	PASS	PASS	PASS	PASS	PASS	PASS	PASS	PASS	PASS	PASS	PASS	11	11	71	155/155	7000
90011	90011 / jsteube-baseline	198500	PASS	PASS	PASS	PASS	PASS	PASS	PASS	FAIL	FAIL	FAIL	FAIL	7	11	56	1/155	7000
90012	90012 / primitive-based	199300	PASS	PASS	PASS	PASS	PASS	PASS	PASS	PASS	PASS	PASS	PASS	11	11	117	155/155	8000
90013	90013 / feature-based	199400	PASS	PASS	PASS	PASS	PASS	PASS	PASS	PASS	PASS	PASS	PASS	11	11	132	155/155	8000
90014	90014 / zero-touch	198400	PASS	PASS	PASS	PASS	PASS	PASS	PASS	PASS	PASS	PASS	PASS	11	11	104	155/155	8000
90015	90015 / progressive-overload	200600	PASS	PASS	PASS	PASS	PASS	PASS	PASS	PASS	PASS	PASS	PASS	11	11	103	155/155	8000
90016	90016 / kdf-merge	199700	PASS	PASS	PASS	PASS	PASS	PASS	PASS	PASS	PASS	PASS	PASS	11	11	117	155/155	8000
90017	90017 / pmkid-first	200200	PASS	PASS	PASS	PASS	PASS	PASS	PASS	PASS	PASS	PASS	PASS	11	11	117	155/155	8000
90018	90018 / ultra-minimal-2aux	199200	PASS	PASS	PASS	PASS	PASS	PASS	PASS	PASS	PASS	PASS	PASS	11	11	117	155/155	7000
90019	90019 / per-eapol-family	200600	PASS	PASS	PASS	PASS	PASS	PASS	PASS	PASS	PASS	PASS	PASS	11	11	110	155/155	8000
90020	90020 / jsteube-plus-sha384	203900	PASS	PASS	PASS	PASS	PASS	PASS	PASS	PASS	PASS	PASS	PASS	11	11	118	155/155	7000
90021	90021 / cross-cut	198400	PASS	PASS	PASS	PASS	PASS	PASS	PASS	PASS	PASS	PASS	PASS	11	11	118	155/155	7000
90022	90022 / sha256-complete	200000	PASS	PASS	PASS	PASS	PASS	PASS	PASS	PASS	PASS	PASS	PASS	11	11	117	155/155	8000
90023	90023 / monolithic-comp-22k	201200	PASS	PASS	PASS	PASS	PASS	PASS	PASS	PASS	PASS	PASS	PASS	11	11	117	155/155	8000
90024	90024 / hook23-all	171800	PASS	PASS	PASS	PASS	PASS	PASS	PASS	PASS	PASS	PASS	PASS	11	11	144	155/155	8000
90025	90025 / hook23-sha384-baseline	171800	PASS	PASS	PASS	PASS	PASS	PASS	PASS	PASS	PASS	PASS	PASS	11	11	141	155/155	7000
90026	90026 / hook23-sha384-primitive	171600	PASS	PASS	PASS	PASS	PASS	PASS	PASS	PASS	PASS	PASS	PASS	11	11	143	155/155	7000
90027	90027 / hook23-sha384-zerotouch	171800	PASS	PASS	PASS	PASS	PASS	PASS	PASS	PASS	PASS	PASS	PASS	11	11	140	155/155	7000
90028	90028 / monolithic-hook-hybrid	171600	PASS	PASS	PASS	PASS	PASS	PASS	PASS	PASS	PASS	PASS	PASS	11	11	142	155/155	7000
90029	90029 / batch-pmkid	204300	PASS	PASS	PASS	PASS	PASS	PASS	PASS	PASS	PASS	PASS	PASS	11	11	115	155/155	8000
90030	90030 / table-dispatch	201700	PASS	PASS	PASS	PASS	PASS	PASS	PASS	PASS	PASS	PASS	PASS	11	11	103	155/155	8000
90031	90031 / jit-primitive	200400	FAIL	PASS	FAIL	FAIL	FAIL	FAIL	FAIL	FAIL	FAIL	FAIL	FAIL	1	11	116	155/155	7000
90032	90032 / jit-zerotouch	204900	FAIL	PASS	FAIL	FAIL	FAIL	FAIL	FAIL	FAIL	FAIL	FAIL	FAIL	1	11	118	155/155	8000
90033	90033 / jit-monolithic	205000	FAIL	PASS	FAIL	FAIL	FAIL	FAIL	FAIL	FAIL	FAIL	FAIL	FAIL	1	11	110	155/155	8000
90034	90034 / jit-surface	202300	FAIL	PASS	FAIL	PASS	FAIL	PASS	FAIL	PASS	FAIL	PASS	FAIL	5	11	109	155/155	8000
90035	90035 / jit-dynshared	203900	FAIL	PASS	FAIL	FAIL	FAIL	FAIL	FAIL	FAIL	FAIL	FAIL	FAIL	1	11	117	155/155	8000
90036	90036 / fat-struct	203400	PASS	PASS	PASS	PASS	PASS	PASS	PASS	PASS	PASS	PASS	PASS	11	11	117	155/155	8000
90037	90037 / union-struct-placeholder	201600	PASS	PASS	PASS	PASS	PASS	PASS	PASS	PASS	PASS	PASS	PASS	11	11	116	155/155	8000
90038	90038 / compat-struct-placeholder	200000	PASS	PASS	PASS	PASS	PASS	PASS	PASS	PASS	PASS	PASS	PASS	11	11	117	155/155	8000
90039	90039 / minimal-esalt	171800	PASS	PASS	PASS	PASS	PASS	PASS	PASS	PASS	PASS	PASS	PASS	11	11	145	155/155	7000
90040	90040 / simd-aux	200400	PASS	PASS	PASS	PASS	PASS	PASS	PASS	PASS	PASS	PASS	PASS	11	11	103	155/155	8000
90041	90041 / scalar-aux	204100	PASS	PASS	PASS	PASS	PASS	PASS	PASS	PASS	PASS	PASS	PASS	11	11	117	155/155	8000
90042	90042 / dynshared-cmac	203000	PASS	PASS	PASS	PASS	PASS	PASS	PASS	PASS	PASS	PASS	PASS	11	11	118	155/155	8000
90043	90043 / opt-hot-placeholder	200300	PASS	PASS	PASS	PASS	PASS	PASS	PASS	PASS	PASS	PASS	PASS	11	11	103	155/155	7000
90044	90044 / branchless-prim	199700	PASS	PASS	PASS	PASS	PASS	PASS	PASS	PASS	PASS	PASS	PASS	11	11	97	155/155	8000
90045	90045 / inline-finalize-placeholder	194400	PASS	PASS	PASS	PASS	PASS	PASS	PASS	PASS	PASS	PASS	PASS	11	11	110	155/155	7000
90046	90046 / greenfield	203700	PASS	PASS	PASS	PASS	PASS	PASS	PASS	PASS	PASS	PASS	PASS	11	11	117	155/155	8000
90047	90047 / legacy-compat	202500	PASS	PASS	PASS	PASS	PASS	PASS	PASS	PASS	PASS	PASS	PASS	11	11	119	155/155	8000
90048	90048 / auto-detect	201700	PASS	PASS	PASS	PASS	PASS	PASS	PASS	PASS	PASS	PASS	PASS	11	11	118	155/155	8000
90049	90049 / pr-candidate-a	201000	FAIL	PASS	FAIL	FAIL	FAIL	FAIL	FAIL	FAIL	FAIL	FAIL	FAIL	1	11	115	155/155	7000
90050	90050 / kitchen-sink	202500	FAIL	PASS	FAIL	FAIL	FAIL	FAIL	FAIL	FAIL	FAIL	FAIL	FAIL	1	11	141	155/155	8000
